<?xml version="1.0" encoding="UTF-8"?>
<!-- This file generated by Sakai App Builder -AZ -->
<project>
	<pomVersion>3</pomVersion>
	<extend>../master/project.xml</extend>
    <name>Sakai UserServiceDemo</name>
	<groupId>sakaiproject</groupId>
	<id>sakai-userservicedemo</id>
	<currentVersion>${sakai.version}</currentVersion>
	<organization>
		<name>Sakai Project</name>
		<url>http://sakaiproject.org/</url>
	</organization>
	<inceptionYear>2006</inceptionYear>

	<!-- This file allows us to build the entire app from this directory -->
	<dependencies>
	
		<!-- This is only needed to make sure the sakai plugin is available -->
		<dependency>
			<groupId>sakaiproject</groupId>
			<artifactId>sakai</artifactId>
			<version>${sakai.plugin.version}</version>
			<type>plugin</type>
		</dependency>

	</dependencies>

	<build />
</project>
