<?xml version="1.0" encoding="UTF-8"?>
<!-- This file generated by Sakai App Builder -AZ -->
<project>
	<pomVersion>3</pomVersion>
	<extend>../../master/project.xml</extend>
	<name>sakai-userservicedemo-tool</name>
	<groupId>sakaiproject</groupId>
	<id>sakai-userservicedemo-tool</id>
	<currentVersion>${sakai.version}</currentVersion>
    <organization>
        <name>Sakai Project</name>
        <url>http://www.sakaiproject.org/</url>
    </organization>
    <inceptionYear>2006</inceptionYear>

	<!-- You must deploy your tool as a war file -->
    <properties>
        <deploy.type>war</deploy.type>
    </properties>

    <dependencies>

		<!-- The sakaiproject plugin lets us build our tool without building
			the entire sakai code base -->
		<dependency>
			<groupId>sakaiproject</groupId>
			<artifactId>sakai</artifactId>
			<version>${sakai.plugin.version}</version>
			<type>plugin</type>
		</dependency>


		<!-- Servlet dependency -->
        <dependency>
            <groupId>servletapi</groupId>
            <artifactId>servletapi</artifactId>
            <version>2.4</version>
        </dependency>

		<!-- Sakai dependencies (all RSF apps must have this) -->
		<dependency>
			<groupId>sakaiproject</groupId>
			<artifactId>sakai-util</artifactId>
			<version>${sakai.version}</version>
			<properties>
				<war.bundle>true</war.bundle>
			</properties>
		</dependency>

		<!-- Other Sakai dependencies -->
		<dependency>
			<groupId>sakaiproject</groupId>
			<artifactId>sakai-util-api</artifactId>
			<version>${sakai.version}</version>
		</dependency>

		<dependency>
			<groupId>sakaiproject</groupId>
			<artifactId>sakai-user-api</artifactId>
			<version>${sakai.version}</version>
		</dependency>

		<dependency>
			<groupId>sakaiproject</groupId>
			<artifactId>sakai-entity-api</artifactId>
			<version>${sakai.version}</version>
		</dependency>


		<dependency>
			<groupId>sakaiproject</groupId>
			<artifactId>sakai-tool-api</artifactId>
			<version>${sakai.version}</version>
		</dependency>

		<!-- Apache commons dependencies -->
        <dependency>
            <groupId>commons-logging</groupId>
            <artifactId>commons-logging</artifactId>
            <version>1.0.4</version>
        </dependency>


		<!-- Spring dependency -->
		<dependency>
		   <groupId>${sakai.spring.groupId}</groupId>
		   <artifactId>${sakai.spring.artifactId}</artifactId>
		   <version>${sakai.spring.version}</version>
		</dependency>


		<!-- RSF dependencies -->
		<dependency>
			<groupId>ponderutilcore</groupId>
			<artifactId>ponderutilcore</artifactId>
			<version>1.2.1RC5</version>
			<type>jar</type>
			<properties>
				<war.bundle>true</war.bundle>
			</properties>
		</dependency>
		
		<dependency>
			<groupId>j-servletutil</groupId>
			<artifactId>j-servletutil</artifactId>
			<version>1.2.1RC5</version>
			<type>jar</type>
			<properties>
				<war.bundle>true</war.bundle>
			</properties>
		</dependency>
	   
		<dependency>
			<groupId>rsfutil</groupId>
			<artifactId>rsfutil</artifactId>
			<version>0.7.1RC5</version>
			<type>jar</type>
			<properties>
				<war.bundle>true</war.bundle>
			</properties>
		</dependency>
		
		<dependency>
			<groupId>sakairsf</groupId>
			<artifactId>sakairsf</artifactId>
			<version>0.7.1RC5-sakai_2.2.x</version>
			<type>jar</type>
			<properties>
				<war.bundle>true</war.bundle>
			</properties>
		</dependency>

		<!-- XML pull parser - required for RSF -->
		<dependency>
			<groupId>xpp3</groupId>
			<artifactId>xpp3</artifactId>
			<version>1.1.3.4-RC8_min</version>
			<type>jar</type>
			<properties>
				<war.bundle>true</war.bundle>
			</properties>
		</dependency>

		<!-- Concurrency package - forerunner of JSR 166-java.util.concurrent - required for RSF -->
		<dependency>
			<groupId>concurrent</groupId>
			<artifactId>concurrent</artifactId>
			<version>1.3.4</version>
			<type>jar</type>
			<properties>
				<war.bundle>true</war.bundle>
			</properties>
		</dependency>

    </dependencies>


    <build>
        <sourceDirectory>src/java</sourceDirectory>
		<resources>
			<resource>
				<directory>${basedir}/src/java</directory>
				<includes>
					<include>**/*.xml</include>
					<include>**/*.properties</include>
				</includes>
			</resource>
		</resources>
    </build>

</project>

